email,firstName,company,city,segment,source,website,phone
mgmt@atlantamarietta.com,,Atlanta Area Property and Management Inc,Marietta,hoa,discovery,https://www.atlantaareapropertymanagement.com/,(404) 692-3543
front@tolleycm.com,,Tolley Community Management,Woodstock,hoa,discovery,https://www.tolleycm.com/,(770) 517-1761
fieldstone@fieldstonerp.com,,Fieldstone Association Management,Atlanta,hoa,discovery,https://www.fieldstonerp.com/,(404) 920-8621
customerservice@beaconmanagementservices.com,,Beacon Management Services,Atlanta,hoa,discovery,https://www.beaconmanagementservices.com/,(404) 907-2112
office@aristarpro.com,,Aristar Property Management,Kennesaw,hoa,discovery,http://www.aristarpro.com/,(770) 675-3030
careyj@pmicornerstone.com,,PMI Cornerstone,Kennesaw,hoa,discovery,https://www.mariettacommunitymanagement.com/,(404) 585-0705
reception@psatlanta.com,,"Property Services of Atlanta, Inc",Marietta,hoa,discovery,https://www.psatlanta.com/?tcid=GMB,(770) 426-1150
info@cnarentals.com,,CNA Rentals,Marietta,hoa,discovery,http://cnarentals.com/,(770) 485-5562
customerservice@platinumrentalproperty.com,,Platinum Property Management,Cumming,hoa,discovery,https://www.platinumrentalproperty.com/,(678) 710-8056
hms@hms-inc.net,,Homeowner Management Services Inc.,Alpharetta,hoa,discovery,http://www.hms-inc.net/,(770) 667-0595
support@gcmmgt.com,,"Georgia Community Management, Inc. & GCM Management Group, LLC",Kennesaw,hoa,discovery,http://www.gcmmgt.com/,(770) 554-1236
info@acmga.com,,Action Community Management,Acworth,hoa,discovery,https://www.acmga.com/,(770) 222-5955
info@hoaservicesinc.com,,HOA Services Inc,Hoschton,hoa,discovery,https://www.hoaservicesinc.com/,(706) 654-0055
lturner@silverleafmanagement.com,,"Silverleaf Management Group, LLC",Loganville,hoa,discovery,https://www.silverleafmanagement.com/,(770) 554-3984
info@theiconrealestategroup.com,,Icon Real Estate Group,Dallas,hoa,discovery,http://theiconrealestategroup.com/,(770) 309-0973
info@tritonpropgroup.com,,Triton Property Group,Acworth,hoa,discovery,http://www.tritonpropgroup.com/,(404) 465-3700
office@purpledoorpm.com,,Purple Door Property Management,Woodstock,hoa,discovery,http://www.purpledoorpm.com/,(770) 771-6122
info@go.tiva.properties,,Tiva Properties,Acworth,hoa,discovery,https://tiva.properties/,(478) 210-7444
contact@evolveam.com,,Evolve Association Management,Atlanta,hoa,discovery,http://www.evolveam.com/?utm_source=google&utm_medium=wix_google_business_profile&utm_campaign=9485391233507765886,(770) 430-3011
info@fmsdirect.net,,"Facilities Management Services Group, LLC",Acworth,hoa,discovery,http://fmsdirect.net/,(770) 861-6138
info@sixesmanagement.com,,Sixes Management Group,Woodstock,hoa,discovery,http://www.sixesmanagement.com/,(770) 575-0943
info@dpm-re.com,,"Douglas Property Management, Inc.",Woodstock,hoa,discovery,http://www.dpm-re.com/,(770) 926-3086
kingsgate@sixesmanagement.com,,Kings Gate Hoa,Woodstock,hoa,discovery,http://kingsgatehoa.org/index.php,(770) 726-7362
woodlands@sixesmanagement.com,,The Woodlands,Woodstock,hoa,discovery,https://www.woodlandsliving.com/,(678) 445-2441
ataylor@dpm-re.com,,Deer Run HOA,Woodstock,hoa,discovery,http://www.deerruncommunity.com/,(770) 926-3086
mike@tolleycm.com,,Backyard Realty Group,Woodstock,hoa,discovery,https://www.backyardrealty.com/,(770) 517-1761
president@rohg.org,,River Oaks Homeowners Group logo,Woodstock,hoa,discovery,https://rohg.org/contact/,(770) 479-1813
info@hostpropertymanagement.com,,Host Property Management,Flowery Branch,hoa,discovery,https://www.hostpropertymanagement.com/,(877) 405-4678
hello@pmiga.com,,PMI Georgia,Tyrone,hoa,discovery,https://www.pmigeorgia.com/,(678) 782-1004
info@brianproperties.com,,ResiHome,Atlanta,hoa,discovery,https://resihome.com/,(866) 500-7064
info@dhcpropertymanagement.com,,DHC Property Management,Atlanta,hoa,discovery,http://dhcpropertymanagement.com/,(678) 786-2296
info@therevolutionfirm.com,,Revolution Rental Management Douglasville,Douglasville,hoa,discovery,https://www.revolutionrentalmanagement.com/,(678) 648-1244
management@rentwithheritage.com,,Heritage Home Rentals,Douglasville,hoa,discovery,http://www.rentwithheritage.com/,(678) 540-8650
management@novusrentals.com,,Novus Property Management,Carrollton,hoa,discovery,https://www.novusrentals.com/,(678) 664-1400
info@visionwestgeorgia.com,,Vision Realty & Management,Carrollton,hoa,discovery,http://www.visionwestgeorgia.com/,(770) 836-1178 ext. 1
help@dkrentals.net,,DKRentals Property Management,Roswell,hoa,discovery,http://www.dkrentals.net/,(770) 518-4470
info@sapirrealty.com,,Sapir Realty Property Management Company,Decatur,hoa,discovery,http://sapirrealty.com/,(678) 487-7896
admin@associationmgt.com,,Association Management,Lawrenceville,hoa,discovery,https://associationmgt.com/,(678) 407-1115
board@invernesshoa.org,,Inverness Homeowners Association,Roswell,hoa,discovery,http://invernesshoa.org/,(770) 777-6890
windward@accessmgt.com,,"Windward Community in Alpharetta, Georgia",Alpharetta,hoa,discovery,https://windwardhomesga.com/,(770) 802-8360
apex@mariettalife.com,,The Apex Apartment Community Marietta,Marietta,apartment,discovery,https://www.apexmarietta.com/,(770) 436-7744
belmontplace@pacapts.com,,Belmont Place,Marietta,apartment,discovery,https://www.thebelmontplaceapartments.com/,(678) 274-0550
bettina@hounder.co,,Azalea Springs,Marietta,apartment,discovery,https://www.harborgroupmanagement.com/apartments/ga/marietta/azalea-springs?utm_knock=g,(770) 727-8716
luis.paglia@gmail.com,,Coldwell Banker Realty,Marietta,realtor,discovery,https://www.coldwellbankerhomes.com/ga/marietta/office/marietta-west-cobb/oid_3275/,(770) 429-0600
glennda@glennda.net,,"Glennda Baker & Associates, Inc.",Marietta,realtor,discovery,https://www.glennda.net/,(678) 755-3711
bryan@castleconstruction.com,,Castle Construction LLC,Marietta,contractor,discovery,https://castleconstruction.com/,(770) 504-6010
office@cleverhomellc-gc.com,,Clever Home llc,Marietta,contractor,discovery,http://cleverhomellc-gc.com/,(470) 357-5865
info@greenremodeling.com,,Green Basements & Remodeling,Marietta,contractor,discovery,http://www.greenremodeling.com/,(678) 736-6335
info@peachtreebennett.com,,Companies Estate Sales Marietta,Marietta,estate,discovery,http://www.companiesestatesales.com/,(678) 705-9798
info@signatureestatesalesatlanta.com,,Signature Estate Sales,Roswell,estate,discovery,http://www.signatureestatesalesatlanta.com/,(404) 259-7249
tina@sensingtransitions.com,,Sensing Transitions,Powder Springs,estate,discovery,http://www.sensingtransitions.com/,(404) 867-7676
josh@greenleafmgmt.com,,Johnson Square Office Park,Marietta,office,discovery,https://www.gogreenleafmanagement.com/,(770) 913-3948
work@fireworksfly.com,,FireWorks Coworking,Marietta,office,discovery,https://www.fireworksfly.com/,(770) 206-7077
graceb@windsorcommunities.com,,Elevate West Village Apartments,Smyrna,apartment,discovery,https://www.windsorcommunities.com/properties/elevate-west-village/?utm_campaign=GoogleMyBusiness,(404) 666-8168
info@highcaliberrealty.com,,HIGH CALIBER REALTY,Kennesaw,realtor,discovery,http://www.highcaliberrealty.com/,(770) 405-0445
hello@justinlandisgroup.com,,Justin Landis Group Real Estate,Atlanta,realtor,discovery,http://www.justinlandisgroup.com/,(404) 860-1816
contact@sansoxygen.com,,"Daniel Andrews Realtor, Investor, Probate Expert, Estate sales, Land Agent",Marietta,realtor,discovery,http://www.topgeorgiaagents.com/,(404) 519-8264
connect@fortispm.com,,Fortis Property Management,Atlanta,property_manager,discovery,http://www.fortispm.com/,(678) 741-2835
support@evernest.co,,Evernest Property Management Atlanta,Alpharetta,property_manager,discovery,https://www.atlantapropertymanagement.com/,(678) 710-6110
elly@wiseeremodeling.com,,Wise Remodeling CO LLC,Kennesaw,contractor,discovery,https://wiseeremodeling.com/,(470) 413-2035
info@swifthomerenovations.com,,Swift Home Renovations,Kennesaw,contractor,discovery,https://www.swifthomerenovations.com/,(678) 498-1547
eben@eyebytes.com,,Georgia Interior & Exterior Contractors LLC,Acworth,contractor,discovery,https://georgiainterior.com/,(770) 990-8851
info@bcmlondon.com,,BCM London Inc.,Kennesaw,contractor,discovery,http://www.bcmlondon.com/,(404) 510-2878
admin@brawnerrenovations.com,,Brawner Renovations,Kennesaw,contractor,discovery,http://brawnerrenovations.com/,(770) 280-5251
catanyassis@gmail.com,,Maxi Construction LLC,Kennesaw,contractor,discovery,http://www.maxiconstructionllc.com/,(770) 708-8846
holly@changingspacesatlanta.com,,"ChangingSpaces, LLC",Atlanta,estate,discovery,http://www.changingspacesatlanta.com/,(404) 939-6160
info@onyourmarkmovers.net,,On Your Mark Movers - Marietta Movers,Marietta,estate,discovery,https://onyourmarkmovers.net/,(678) 279-5540
rkurth@stsmoves.com,,"Senior Transition Services, Inc.",Lawrenceville,estate,discovery,http://www.stsmoves.com/,(678) 758-7929
info@georgiahomemovers.com,,Georgia Home Movers,Marietta,estate,discovery,http://www.georgiahomemovers.com/,(404) 536-4545
info@letsgetmovingusa.com,,Let's Get Moving Marietta,Marietta,estate,discovery,https://letsgetmovingusa.com/locations/ga/marietta-movers/?utm_source=GBP&utm_medium=Organic,(404) 480-8094
enquiries@regus.com,,Regus - Atlanta - One Paces West,Atlanta,office,discovery,https://www.regus.com/en/us/3374?utm_source=google_uberall&utm_medium=places&utm_campaign=uberall&utm_content=uberall,(678) 981-4600
info@carespacesuites.com,,CareSpace Medical Co-Working,Atlanta,office,discovery,https://www.carespacesuites.com/,(470) 553-1686
customerservice@peachtreeoffices.com,,Peachtree Offices at West Paces Ferry - 6 ATL Locations,Atlanta,office,discovery,https://www.peachtreeoffices.com/locations/3715-northside-pkwy-atlanta/,(800) 684-5774
info@therbsolutioncenter.com,,The RB Solution Center,Atlanta,office,discovery,http://www.therbsolutioncenter.com/?utm_source=google-gmb-maps&utm_medium=gmb-website-button&utm_campaign=locl.io&utm_content=4ecb17af-2526-4d87-8a48-f5f71b328040,(678) 385-4101
townkennesaw@relatedgroup.com,,Town Kennesaw,Kennesaw,apartment,discovery,http://www.townkennesawapts.com/?utm_knock=gmb,(770) 415-8601
livvy@hrpliving-leasing.com,,Hawthorne at Kennesaw,Kennesaw,apartment,discovery,http://www.hawthorneatkennesawapts.com/?utm_knock=g,(770) 800-0737
gracea@windsorcommunities.com,,Windsor Kennesaw Apartments,Kennesaw,apartment,discovery,https://www.windsorcommunities.com/properties/windsor-kennesaw/?utm_campaign=GoogleMyBusiness,(678) 672-2421
accessibility@apartments247.com,,The Legacy at Walton Kennesaw Mountain (62+),Kennesaw,apartment,discovery,https://www.legacyatwaltonkennesawmountain.com/?y_source=1_OTA5MjIzMTYtNzE1LWxvY2F0aW9uLndlYnNpdGU%3D,(678) 263-7659
kenjonescsr@gmail.com,,Clear Summit Realty,Acworth,realtor,discovery,http://www.clearsummitrealty.com/,(770) 842-4531
nicolefrance@remax.net,,"Nicole France, RE/MAX Center, Acworth Real Estate Agent",Acworth,realtor,discovery,https://nicolefrance-realestate.com/,(404) 867-3869
